{"cameraMode":{"drawMode":0,"name":"Shaded","section":"Shading Mode"},"sceneLighting":true,"audioPlay":false,"sceneViewState":{"showFog":true,"showMaterialUpdate":false,"showSkybox":true,"showFlares":true,"showImageEffects":true,"showParticleSystems":true,"showVisualEffectGraphs":true,"m_FxEnabled":true},"in2DMode":false,"pivot":{"x":5.545892715454102,"y":0.2309246063232422,"z":-5.827946662902832},"rotation":{"x":-0.6795836091041565,"y":-0.012276268564164639,"z":0.011426746845245362,"w":-0.7334279417991638},"size":23.930370330810548,"orthographic":false}