{"cameraMode":{"drawMode":0,"name":"Shaded","section":"Shading Mode"},"sceneLighting":true,"audioPlay":false,"sceneViewState":{"showFog":true,"showMaterialUpdate":false,"showSkybox":true,"showFlares":true,"showImageEffects":true,"showParticleSystems":true,"showVisualEffectGraphs":true,"m_FxEnabled":true},"in2DMode":false,"pivot":{"x":5.811169624328613,"y":-0.22998905181884767,"z":9.03213882446289},"rotation":{"x":-0.7183099389076233,"y":-0.0022100680507719518,"z":0.0023898340296000244,"w":-0.6958037614822388},"size":23.18636703491211,"orthographic":false}